Srno., Date, Time, IP source, IP destination, Protocol, Packet length
1,Oct 24, 2020 19:58:20.185377000 IST,10.0.2.15,185.56.137.138,6,66
2,Oct 24, 2020 19:58:20.218668000 IST,185.56.137.138,10.0.2.15,6,60
3,Oct 24, 2020 19:58:20.218865000 IST,10.0.2.15,185.56.137.138,6,54
4,Oct 24, 2020 19:58:20.219521000 IST,10.0.2.15,185.56.137.138,6,258
5,Oct 24, 2020 19:58:20.220220000 IST,185.56.137.138,10.0.2.15,6,60
6,Oct 24, 2020 19:58:20.341498000 IST,185.56.137.138,10.0.2.15,6,339
7,Oct 24, 2020 19:58:20.341555000 IST,10.0.2.15,185.56.137.138,6,54
8,Oct 24, 2020 19:58:20.348510000 IST,10.0.2.15,185.56.137.138,6,253
9,Oct 24, 2020 19:58:20.348792000 IST,185.56.137.138,10.0.2.15,6,60
10,Oct 24, 2020 19:58:20.384807000 IST,185.56.137.138,10.0.2.15,6,539
11,Oct 24, 2020 19:58:20.384887000 IST,10.0.2.15,185.56.137.138,6,54
12,Oct 24, 2020 19:58:20.468710000 IST,10.0.2.15,185.56.137.138,6,347
13,Oct 24, 2020 19:58:20.468959000 IST,185.56.137.138,10.0.2.15,6,60
14,Oct 24, 2020 19:58:20.501994000 IST,185.56.137.138,10.0.2.15,6,571
15,Oct 24, 2020 19:58:20.502058000 IST,10.0.2.15,185.56.137.138,6,54
16,Oct 24, 2020 19:58:20.662239000 IST,10.0.2.15,185.56.137.138,6,310
17,Oct 24, 2020 19:58:20.662307000 IST,10.0.2.15,185.56.137.138,6,4518
18,Oct 24, 2020 19:58:20.662506000 IST,185.56.137.138,10.0.2.15,6,60
19,Oct 24, 2020 19:58:20.662642000 IST,185.56.137.138,10.0.2.15,6,60
20,Oct 24, 2020 19:58:20.662645000 IST,185.56.137.138,10.0.2.15,6,60
21,Oct 24, 2020 19:58:20.662646000 IST,185.56.137.138,10.0.2.15,6,60
22,Oct 24, 2020 19:58:20.662648000 IST,185.56.137.138,10.0.2.15,6,60
23,Oct 24, 2020 19:58:20.791884000 IST,185.56.137.138,10.0.2.15,6,288
24,Oct 24, 2020 19:58:20.791940000 IST,10.0.2.15,185.56.137.138,6,54
25,Oct 24, 2020 19:58:32.253366000 IST,185.56.137.138,10.0.2.15,6,60
26,Oct 24, 2020 19:58:32.253558000 IST,10.0.2.15,185.56.137.138,6,54
27,Oct 24, 2020 20:00:08.335128000 IST,10.0.2.15,185.56.137.138,6,54
28,Oct 24, 2020 20:00:08.336155000 IST,185.56.137.138,10.0.2.15,6,60
